,type,id,subreddit.name,created_utc,permalink,domain,selftext,title,score,topic,topic_label
82,post,pcuv2j,wallstreetbets,2021-08-27 13:00:14,https://old.reddit.com/r/wallstreetbets/comments/pcuv2j/weekend_discussion_thread_for_the_weekend_of/,self.wallstreetbets,"Your weekend discussion thread. Please keep the shitposting to a maximum!

Follow [@Official_WSB]( on Twitter, all other accounts are impersonators.

Check out our [Discord](","Weekend Discussion Thread for the Weekend of August 27, 2021",0.1777777778168666,6,Past Occurrences
168,post,pak91h,wallstreetbets,2021-08-24 03:00:24,https://old.reddit.com/r/wallstreetbets/comments/pak91h/daily_discussion_thread_for_august_24_2021/,self.wallstreetbets,"Your daily trading discussion thread. Please keep the shitposting to a minimum. 

^Navigate ^WSB |^We ^recommend ^best ^daily ^DD
:--|:--                                 
**DD** | [All]( / [**Best Daily**]( / [Best Weekly](
**Discussion** | [All]( / [**Best Daily**]( / [Best Weekly](
**YOLO** | [All]( / [**Best Daily**]( / [Best Weekly](
**Gain** | [All]( / [**Best Daily**]( / [Best Weekly](
**Loss** | [All]( / [**Best Daily**]( / [Best Weekly](


[Weekly Earnings Discussion Thread](

**Read the [rules]( and make sure other people follow them.**

Try [No Meme Mode]( also accessible through the top bar.

Follow [@Official_WSB]( on Twitter, all other accounts are impersonators.

Check out our [Discord](","Daily Discussion Thread for August 24, 2021",0.2097222222367001,4,Gamestop & AMC
230,post,p8cqpr,wallstreetbets,2021-08-20 13:00:24,https://old.reddit.com/r/wallstreetbets/comments/p8cqpr/weekend_discussion_thread_for_the_weekend_of/,self.wallstreetbets,"Your weekend discussion thread. Please keep the shitposting to a maximum!

Follow [@Official_WSB]( on Twitter, all other accounts are impersonators.

Check out our [Discord](","Weekend Discussion Thread for the Weekend of August 20, 2021",0.1777777778168666,6,Past Occurrences
269,post,p7bva1,wallstreetbets,2021-08-19 03:00:23,https://old.reddit.com/r/wallstreetbets/comments/p7bva1/daily_discussion_thread_for_august_19_2021/,self.wallstreetbets,"Your daily trading discussion thread. Please keep the shitposting to a minimum. 

^Navigate ^WSB |^We ^recommend ^best ^daily ^DD
:--|:--                                 
**DD** | [All]( / [**Best Daily**]( / [Best Weekly](
**Discussion** | [All]( / [**Best Daily**]( / [Best Weekly](
**YOLO** | [All]( / [**Best Daily**]( / [Best Weekly](
**Gain** | [All]( / [**Best Daily**]( / [Best Weekly](
**Loss** | [All]( / [**Best Daily**]( / [Best Weekly](


[Weekly Earnings Discussion Thread](

**Read the [rules]( and make sure other people follow them.**

Try [No Meme Mode]( also accessible through the top bar.

Follow [@Official_WSB]( on Twitter, all other accounts are impersonators.

Check out our [Discord](","Daily Discussion Thread for August 19, 2021",0.2097222222367001,4,Gamestop & AMC
283,post,p6yxxc,wallstreetbets,2021-08-18 13:00:13,https://old.reddit.com/r/wallstreetbets/comments/p6yxxc/what_are_your_moves_tomorrow_august_19_2021/,self.wallstreetbets,"Your daily trading discussion thread. Please keep the shitposting to a minimum. 

^Navigate ^WSB|^We ^recommend ^best ^daily ^DD
:--|:--                                 
**DD** | [All]( / [**Best Daily**]( / [Best Weekly](
**Discussion** | [All]( / [**Best Daily**]( / [Best Weekly](
**YOLO** | [All]( / [**Best Daily**]( / [Best Weekly](
**Gain** | [All]( / [**Best Daily**]( / [Best Weekly](
**Loss** | [All]( / [**Best Daily**]( / [Best Weekly](

[Weekly Earnings Discussion Thread](

**Read the [rules]( and make sure other people follow them.**

Try [No Meme Mode]( also accessible through the top bar.

Follow [@Official_WSB]( on Twitter, all other accounts are impersonators.

Check out our [Discord](","What Are Your Moves Tomorrow, August 19, 2021",0.2097222222367001,4,Gamestop & AMC
387,post,p3sv76,wallstreetbets,2021-08-13 13:00:22,https://old.reddit.com/r/wallstreetbets/comments/p3sv76/weekend_discussion_thread_for_the_weekend_of/,self.wallstreetbets,"Your weekend discussion thread. Please keep the shitposting to a maximum!

Follow [@Official_WSB]( on Twitter, all other accounts are impersonators.

Check out our [Discord](","Weekend Discussion Thread for the Weekend of August 13, 2021",0.1777777778168666,6,Past Occurrences
589,post,ozebic,wallstreetbets,2021-08-06 13:00:22,https://old.reddit.com/r/wallstreetbets/comments/ozebic/weekend_discussion_thread_for_the_weekend_of/,self.wallstreetbets,"Your weekend discussion thread. Please keep the shitposting to a maximum!

Follow [@Official_WSB]( on Twitter, all other accounts are impersonators.

Check out our [Discord](","Weekend Discussion Thread for the Weekend of August 06, 2021",0.1777777778168666,6,Past Occurrences
687,post,oxpeqa,wallstreetbets,2021-08-04 03:00:14,https://old.reddit.com/r/wallstreetbets/comments/oxpeqa/daily_discussion_thread_for_august_04_2021/,self.wallstreetbets,"Your daily trading discussion thread. Please keep the shitposting to a minimum. 

^Navigate ^WSB |^We ^recommend ^best ^daily ^DD
:--|:--                                 
**DD** | [All]( / [**Best Daily**]( / [Best Weekly](
**Discussion** | [All]( / [**Best Daily**]( / [Best Weekly](
**YOLO** | [All]( / [**Best Daily**]( / [Best Weekly](
**Gain** | [All]( / [**Best Daily**]( / [Best Weekly](
**Loss** | [All]( / [**Best Daily**]( / [Best Weekly](


[Weekly Earnings Discussion Thread](

**Read the [rules]( and make sure other people follow them.**

Try [No Meme Mode]( also accessible through the top bar.

Follow [@Official_WSB]( on Twitter, all other accounts are impersonators.

Check out our [Discord](","Daily Discussion Thread for August 04, 2021",0.2097222222367001,4,Gamestop & AMC
